,musica,titulo,artista,letra
0,"Tá OK de DENNIS, MC Kevin o Chris",TÁ OK (part. MC Kevin O Chris),Dennis DJ,"Tá okay, tu é gostosa, então joga tudão
Vem que vem, outra vez sentar pro chefão
Sua marquinha de biquíni tá a maior pressão
Tava querendo rever esse teu pacotão

Então toma, toma, toma, toma, toma, toma, toma, toma
Toma, toma, toma, toma, toma, toma, toma, toma
Toma, toma, toma, toma, toma, toma, toma, toma (toma, toma)
Toma, toma, toma, toma, toma, toma, toma, toma (toma, toma)
Toma, toma, toma, toma, toma, toma, toma, toma (toma, toma)
Toma, toma, toma, toma, toma, toma, toma (toma, toma)

Bola aê, brisa aê, que hoje a noite é de prazer
Faz o que quiser fazer, pode até subir e descer
No papin, faz assim, vem ni-vem ni-vem ni mim
Que-que hoje eu tô facin, tô fa-tô fa-tô facin

Então toma, toma, toma, toma, toma, toma, toma, toma
Toma, toma, toma, toma, toma, toma, toma, toma
Toma, toma, toma, toma, toma, toma, toma, toma (toma, toma)
Toma, toma, toma, toma, toma, toma, toma, toma (toma, toma)
Toma, toma, toma, toma, toma, toma, toma, toma (toma, toma)
Toma, toma, toma, toma, toma, toma, toma, toma (toma, toma)

DENNIS, o brabo (o brabo)

"
1,"Lapada Dela  de Grupo Menos É Mais, Matheus Fernandes",Lapada Dela (part. Matheus Fernandes),Grupo Menos É Mais,"Me apaixonei por uma menina
Que tem 1 metro e 60 e uma tatuagem do seu ex
Ela é do tipo que acaba uma família
Basta encostar nela uma vez

Eu caí no corpo dela e me viciei
Agora eu tô apaixonado, olha onde eu entrei

Todo dia eu quero pegar ela
Não consigui dormir pensando na lapada dela
Tô aqui pensando em cada movimento dela
Tu não pega ela
Ela é quem te pega

Todo dia eu quero pegar ela
Não consigui dormir pensando na lapada dela
Tô aqui pensando em cada movimento dela
Tu não pega ela
Ela é quem te pega

Me apaixonei por uma menina
Que tem 1 metro e 60 e uma tatuagem do seu ex
Ela é do tipo que acaba uma família
Basta encostar nela uma vez

Eu caí no corpo dela e me viciei
Agora eu tô apaixonado, olha onde eu entrei

Todo dia eu quero pegar ela
Não consigui dormir pensando na lapada dela
Tô aqui pensando em cada movimento dela
Tu não pega ela
Ela é quem te pega

Todo dia eu quero pegar ela
Não consigui dormir pensando na lapada dela
Tô aqui pensando em cada movimento dela
Tu não pega ela
Ela é quem te pega

"
2,"Seu Brilho Sumiu  de Israel & Rodolffo, Mari Fernandez",Seu Brilho Sumiu (part. Mari Fernandez),Israel &amp; Rodolffo,"Terminou, espalhou pra todo mundo
Encheu a boca pra dizer que tá feliz em me perder
E que seu beijo vai virar assunto

Mas o assunto fui eu, aparecendo de mãos dadas com outro alguém
Jogando na sua cara que eu te superei
Doeu, eu sei

Até parou de conversar
Fechou a cara e não parava de me olhar
Eu vi de longe sua volta por cima
Indo água abaixo assistindo a minha

Porque quando cê me viu
Seu brilho sumiu
Sua noite acabou
Passar vergonha ao vivo é pouco pra falador

Porque quando cê me viu
Seu brilho sumiu
E pra minha sorte, cão que late não morde
Cão que late não morde

Mas o assunto fui eu, aparecendo de mãos dadas com outro alguém
Jogando na sua cara que eu te superei
Doeu, eu sei

Até parou de conversar
Fechou a cara e não parava de me olhar
Eu vi de longe sua volta por cima
Indo água abaixo assistindo a minha

Porque quando cê me viu
Seu brilho sumiu
Sua noite acabou
Passar vergonha ao vivo é pouco pra falador

Porque quando cê me viu
Seu brilho sumiu
E pra minha sorte, cão que late não morde
Cão que late não morde

E pra minha sorte, cão que late não morde
Cão que late não morde

"
3,"Nosso Quadro de AgroPlay, Ana Castela",Nosso Quadro,Ana Castela,"Todo mundo tem um amor que quando deita e olha pro teto
Vem a pergunta: Será que se fosse hoje a gente dava certo?
Um episódio que nunca vai ser lançado, um álbum incompleto
Uma história que parou pela metade, cê imagina o resto?

É saudade que toma, que toma
Que toma conta de mim
E não me dá remorso, nem raiva
Nem ódio da pena do fim

Agora o nosso quadro casando na igreja
Não vai ser pendurado, só existe na minha cabeça
Nós dois tocando o gado, a filha boiadeira
Nossa vida no mato só existe na minha cabeça
Vai ser amor mesmo não sendo a vida inteira
Vai ser amor mesmo não sendo a vida inteira

Tem coisas que nem querendo a gente esquece
Final do ano de 2017
Eu começando Odonto e você na Vet
A sua camisa jeans na minha caminhonete

Os meus amigos perguntam que fim cê levou
O meu pai não desiste, ainda quer ser vovô
O tempo não foi tão legal com nós dois
Podia ter sido, mas não foi

Agora o nosso quadro casando na igreja
Não vai ser pendurado, só existe na minha cabeça
Nós dois tocando o gado, a filha boiadeira
Nossa vida no mato só existe na minha cabeça
Vai ser amor mesmo não sendo a vida inteira
Vai ser amor mesmo não sendo a vida inteira

"
4,Erro Gostoso  de Simone Mendes,Erro Gostoso,Simone Mendes,"Calma, deixa eu respirar um pouco
Nós somos dois loucos
Olha a gente nessa cama de novo

O que cê sente quando cê mente na minha cara
Pra ter uma hora de cama suada?
Eu percebo a cada visita
Cê não gosta de mim, cê gosta é da conquista

Ah, e agora como eu fico nessa casa?
Com sorriso ou choro no rosto?
Cê vem aqui, me acostuma errado
Cola meus pedaços pra quebrar de novo
Eu preciso aprender a falar não um pouco
Pra esse erro gostoso

Ah, e agora como eu fico nessa casa?
Com sorriso ou choro no rosto?
Cê vem aqui, me acostuma errado
Cola meus pedaços pra quebrar de novo
Eu preciso aprender a falar não um pouco
Pra esse erro gostoso

Calma, deixa eu respirar um pouco
Nós somos dois loucos
Olha a gente nessa cama de novo

O que cê sente quando cê mente na minha cara
Pra ter uma hora de cama suada?
Eu percebo a cada visita
Cê não gosta de mim, cê gosta é da conquista

Ah, e agora como eu fico nessa casa?
Com sorriso ou choro no rosto?
Cê vem aqui, me acostuma errado
Cola meus pedaços pra quebrar de novo
Eu preciso aprender a falar não um pouco
Pra esse erro gostoso

Ah, e agora como eu fico nessa casa?
Com sorriso ou choro no rosto?
Cê vem aqui, me acostuma errado
Cola meus pedaços pra quebrar de novo
Eu preciso aprender a falar não um pouco
Pra esse erro gostoso

"
5,"Novo Balanço de Veigh, Bvga Beatz, Prod Malax, Supernova Ent",Novo Balanço,Veigh,"Fumando um fino de canto
Eu e meus, eu e meus manos
Cheio de ouro e o corte americano (juro)
Isso é um novo balanço
Quando ela desce, eu fico bambo
Senta em mim enquanto eu conto
Morde o canto do copo me olhando
Dentro do baile com meu som tocando

Eu sempre estive aqui, só você não viu
É bem mais fácil ser visto agora
Hoje que nós tá forte, pra você serve
E não era assim
Onde nós chega, nós forga

Um copo de whisky
Ela manda mensagem, apaga
Dois copos de whisky
Me liga só pra ouvir minha voz
Eu do outro lado
Ouvindo e dando risada
Cê não nasceu ontem pra entender que não tem mais nós

Fumando um fino de canto
Eu e meus, eu e meus manos
Cheio de ouro e o corte americano (juro)
Isso é um novo balanço
Quando ela desce, eu fico bambo
Senta em mim enquanto eu conto
Morde o canto do copo me olhando
Dentro do baile com meu som tocando

Ei, señorita, ¿o qué pasa?
Por que você quer saber se é a única que eu respondo na madrugada?
Você vai se decepcionar se eu disser que é porque as outras não tão acordada
Quer saber onde eu tô, pergunta pra amiga ou só segue o sinal de fumaça
Me diz qual é o mistério e por que de tanta neblina quando o bonde passa

De-desfilando na quebrada
Chica, tu eres muy guapa
Pensando bem, você não merecia nenhuma das mentiras que eu te contava
Pensando bem, você era uma cínica e também mentia quando eu perguntava
Pra que o problema desapareça

Eu acendo esse fino de canto
Cheio de ouro e o corte americano
Quando ela desce, eu fico bambo
Senta em mim enquanto eu conto
Morde o canto do copo me olhando
Dentro do baile com o meu som tocando

"
6,"Cartão Black de MC Caverinha, KayBlack, Wall Hein",Cartão Black (part. KayBlack),MC Caverinha,"O tigre abasteci, dei ração pra buscar o parceiro (que beat do Wall, ele não é à toa)

Me trajei, já deixei o crocodilo descansar embaixo do coqueiro
Já passei no gordão, já mandei o disfarção, tá na régua o cabelo
Resgatei o tigre, abasteci, dei ração pra buscar o parceiro
Percebi que as mandraka só joga se tiver motor e dinheiro

Então bota os tratorzão na pista
Os que assombra em solo paulista
O desejo de várias bandida
O pesadelo desses coxinha
Desenvolto, só marcha pra cima
Dom do toque, rei da bruxaria
Elas chamam de amor, de vida
Mas não era assim nas antiga

(Ela chama de amor, de vida)
(Ei, Caveira)

Resgatei meu cartão black
Resgatei meu cartão black, liguei o KayBlack, que até a atendente sorriu
Comprava na 25, e hoje, na Lacoste, eu deixei vinte e cinco mil
Comprei até uma pretona, vulgo africana, com o sobrenome Twin
Mas não sou eu que tô no toque, não, deixei um brother pilotar por mim
Ainda lembro da minha bike, toda equipada com guidão de moto
Corri pra caramba sem perder o foco
Hoje o Cavalão de Troia é eu que toco
E nem posso, e nem posso
Sempre roletando na minha quebrada (na minha quebrada)
Sendo inspiração pra toda molecada (toda molecada)
Geladeira cheia, comida na mesa
Aquele boy só quer saber se minha roupa é de marca ou falsa

Me trajei com o conjunto chave que vem de país estrangeiro
Já passei a má fase, enfrentei o medo, eu nunca fui herdeiro
Resgatei o tigre, abasteci, dei ração pra buscar o parceiro
Percebi que as mandraka quer jogar pra quem tem motor e dinheiro

Me trajei, já deixei o crocodilo descansar embaixo do coqueiro
Já passei no gordão, já mandei o disfarção, tá na régua o cabelo
Resgatei, o tigre abasteci, dei ração pra buscar o parceiro
Percebi que as mandraka só joga se tiver motor e dinheiro

Então bota os tratorzão na pista
Os que assombra em solo paulista
O desejo de várias bandida
O pesadelo desses coxinha
Desenvolto, só marcha pra cima
Dom do toque, rei da bruxaria
Elas chamam de amor, de vida
Mas não era assim nas antiga

"
7,"Quando Apaga A Luz  de Gustavo Mioto, Mc Don Juan",Quando Apaga a Luz (part. MC Don Juan),Gustavo Mioto,"Eu acho lindo o jeito que tu pinta
A minha fama pras tuas amigas
Eu acho foda o jeito que tu posta
Fotos de bebida, frases de mentira

Tá queimando meu nome na praça
Mas no meio da madrugada cê me amassa
Fala, fala mal, mas não me larga
Quem vê feed não vê sentada

A mesma boca que me xinga e que me odeia
Quando apaga a luz, me lambe e me beija
A mesma boca que mandou eu ir embora
Quando apaga a luz, pede toda hora, toda hora

A mesma boca que me xinga e que me odeia
Quando apaga a luz, me lambe e me beija
A mesma boca que mandou eu ir embora
Quando apaga a luz, pede toda hora, toda hora

Eu acho lindo o jeito que tu pinta
A minha fama pras suas amiga
Eu acho foda o jeito que tu posta
Foto de bebida, frases de mentira

Tá queimando meu nome na praça
Mas no meio da madrugada cê me amassa
Fala, fala mal, mas não me larga
Quem vê feed não vê sentada

A mesma boca que me xinga e que me odeia
Quando apaga a luz, me lambe e me beija
A mesma boca que mandou eu ir embora
Quando apaga a luz, pede toda hora, toda hora

A mesma boca que me xinga e que me odeia
Quando apaga a luz, me lambe e me beija
A mesma boca que mandou eu ir embora
Quando apaga a luz, pede toda hora, toda hora, toda hora
Pede toda hora, toda hora, toda hora

"
8,"Não Vitalício (Nunca Mais)  de Matheus & Kauan, Mari Fernandez",Não Vitalício (Nunca Mais) (part. Mari Fernandez),Matheus e Kauan,"Eu tenho raiva de você
Porque cê beija bem demais
Na cama, cê tem o poder
De tirar minha paz

Mas dessa vez prometo que é pra sempre
Você não vai entrar na minha mente
Esse meu não agora é vitalício
Mas é sempre isso

Juro que eu não volto nunca mais
Olha eu beijando na boca do nunca mais
Olha eu tirando a roupa do nunca mais
Eu juro que eu nao corro mais atrás
Olha eu correndo pra casa do nunca mais
Olha eu me acabando na cama do nunca mais

Eu tenho raiva de você
Porque cê beija bem demais
Na cama, cê tem o poder
De tirar minha paz

Mas dessa vez prometo que é pra sempre
Você não vai entrar na minha mente
Esse meu não agora é vitalício
Mas é sempre isso

Juro que eu não volto nunca mais
Olha eu beijando na boca do nunca mais
Olha eu tirando a roupa do nunca mais
Juro que eu nao corro mais atrás
Olha eu correndo pra casa do nunca mais
Olha eu me acabando na cama do nunca mais

Eu juro que eu não volto nunca mais
Olha eu beijando na boca do nunca mais
Olha eu tirando a roupa do nunca mais
Juro que eu nao corro mais atrás
Olha eu correndo pra casa do nunca mais
Olha eu me acabando na cama do nunca mais (do nunca mais)
Nunca mais

"
9,"Duas Três de Guilherme & Benuto, Ana Castela, Adriano Rhod",Duas Três (part. Ana Castela e Adriano Rhod),Guilherme e Benuto,"Ai
Se eu achasse uma boca igual à sua era bom demais
Ai, ai, ai
Se eu achasse um beijo bem parecido, eu ficava em paz

Eu até caço, na noite, resenha e balada
Mas a boca não dá mais liga com fumaça e cachaça
Aí eu ligo pra você de madrugada
Você atende e tira uma com minha cara
E fala

Cê não acha um beijo desse nunca
Um cabelão batendo na bunda
Um corpão de 1 metro e 70
Que dá duas, três foda e guenta
Cê não acha um beijo desse nunca
Um cabelão batendo na bunda
Um corpão de 1 metro e 70
Que dá duas, três foda e guenta

Ai
Se eu achasse uma boca igual à sua era bom demais
Ai, ai, ai
Se eu achasse um beijo bem parecido, eu ficava em paz

Eu até caço, na noite, resenha e balada
Mas a boca não dá mais liga com fumaça e cachaça
Aí eu ligo pra você de madrugada
Você atende e tira uma com minha cara
E fala

Cê não acha um beijo desse nunca
Um cabelão batendo na bunda
Um corpão de 1 metro e 70
Que dá duas, três foda e guenta
Boiadeira dessas só tem uma
Com cabelão batendo na bunda
Com um corpão de 1 metro e 70
Que dá duas, três foda e guenta

Cê não acha um beijo desse nunca
Um cabelão batendo na bunda
Um corpão de 1 metro e 70
Que dá duas, três foda e guenta

Ai, ai, ai, ai, ai, ai, ai, ai, ai
É saudade demais

"
10,"ELA PIROU NA DODGE RAM de Luan Pereira, MC Ryan SP",Ela Pirou Na Dodge Ram (part. MC Ryan SP),Luan Pereira,"Movimentando a mola da Ram
Movimentando a mola da Ram

Insulfilm preto esconde os amassos
Nesse couro branco, na estrada de terra
A bodona vai pulando (vai, vai, vai)
Eu tô gostando dela galopando (vai, vai, vai)
Eu tô gostando

Então vai que ela disse que quer provar o meu mel
Fetiche dela é o Tubarão de chapéu
Tira minha fivela que eu te levo ao céu
Tira minha fivela, vai

Ela pirou na Dodge Ram
Mordi aquele corpinho até de manhã
Provou do peão e a blogueirinha virou fã
Movimentando a mola da Ram
Movimentando 

Ela pirou na Dodge Ram
Peguei aquele corpinho até de manhã
Provou do peão e a boiadeira virou fã
Movimentando a mola da Ram
Movimentando a mola da Ram, Ram
Ram, Ram, Ram

Movimentando a mola da Ram
Movimentando a mola da Ram

Insulfilm preto esconde os amassos
Nesse couro branco, na estrada de terra
A bodona vai pulando
Eu tô gostando dela galopando
Eu tô gostando (vai)

Então vai, ela disse que quer provar meu mel
Fetiche dela é peão de chapéu
Tira minha fivela que eu te levo ao céu
Tira minha fivela e vai

Ela pirou na Dodge Ram
Peguei aquele corpinho até de manhã
Provou do peão e a boiadeira virou fã
Movimentando a mola da Ram
Movimentando a mola da Ram

Ela pirou na Dodge Ram
Mordi aquele corpinho até de manhã
Provou do peão e a blogueirinha virou fã
Movimentando a mola da Ram
Movimentando a mola da Ram, Ram
Ram, Ram, Ram

Movimentando a mola da Ram
Movimentando a mola da Ram

"
11,Coração de Gelo de WIU,Coração de Gelo,WIU,"Get it, get it up, get it up, get it up boy
Ainda tem grana a fazer por aí
Ela não vai te ligar, nem chamar pra sair
Cai pra noite, vai, deixa o baile seguir

Mas que falta de sorte
Trata o coração quebrado fumando um da forte
Várias bunda no lugar, mas nada que me importe
Só de olhar lá no fundo do olho
Eu já sei que nenhuma faz como tu faz
Te apresento essa neném com cara de malvada
Descendo do Uber com as cunhada
Fuma um vape com gosto de hoje a mãe arrasa
Aproveita e me leva pra tua casa
Me promete prazer, preciso de amor não
Já me conformei que eu não vou segurar sua mão
Mas tudo bem, tudo, tudo bem, tranquilão
Se ela me magoar, eu ligo a outra que ela tem mó bundão

Essa bicha tá desconsiderando o nego
A nega é coração de gelo
Essa bebê, cara, é foda, ela me deu um nó
Ela não quer mais amor, só quer o isqueiro

Essa bicha tá desconsiderando o nego
A nega é coração de gelo
Essa bebê, cara, é foda, ela me deu um nó
Ela não quer mais amor, só quer dinheiro

Deixa eu quebrar o gelo do seu coração
Primeiro nóis fode, depois fuma um balão
Ficou com tesão no brilho do cordão
Nem pensou em romance, ela só quer tapão

Get it, get it up, get it up, get it up boy
Tranquilão, fumando um do bom por aí
Sempre na onda, eu não deixo a vibe cair
Se quiser colar, vem, é só me seguir
My, my, my, my, my baby
Foda que eu e ela era sal (era sal)
Aquela raba fora do normal
Ela disse que quer conhecer Fortal
Viciou no meu flow, no estilo vetin criminal

Essa bicha tá desconsiderando o nego
A nega é coração de gelo
Essa bebê, cara, é foda, ela me deu um nó
Ela não quer mais amor, só quer o isqueiro

Essa bicha tá desconsiderando o nego
A nega é coração de gelo
Essa bebê, cara, é foda, ela me deu um nó
Ela não quer mais amor, só quer dinheiro

(Deixa eu quebrar o gelo do seu coração)
(Ficou com tesão no brilho do cordão)

"
12,"Melhor Só de KayBlack, Baco Exu do Blues, Marquinho no Beat",Melhor Só (part. Baco Exu do Blues),KayBlack,"(Marquin on, pra 'u)
(No beat do Wall, ele não é à toa)
Yeah, yeah, ahn

Nada que eu disser vai ser capaz de
Te impressionar, pois sei que o orgulho é mais forte
Dessa vez eu acho que é melhor eu ir
Mas antes de tudo, desejo boa sorte
Eu sei que não vai apagar
Toda aquela história que a gente viveu
Mas também não vou prolongar
Pra você dizer que o culpado fui eu (não)

Não adianta vir me procurar
Sabe, eu sou melhor só
Já tentei até me relacionar
Mas a cabeça dá um nó
Outros corpos pra me entreter
Outros cheiros pra te esquecer
E o foda é que eu sempre volto atrás
E sempre, em todos os sinais, me pego pensando em você

Pensando em nós dois
Pensando em dizer
O que sinto
Andar por aí, sem rumo no mundo
Distante de tudo (distante de tudo)
Mas, e se foi eu que errei, só me desculpa, bae
Tu conheceu meu pior lado e ainda me ama
E por quantas vezes diz que eu vacilei
Hoje eu só dedico meu tempo em multiplicar grana

Não adianta vir me procurar
Sabe, eu sou melhor só
Já tentei até me relacionar
Mas a cabeça dá um nó
Outros corpos pra me entreter
Outros cheiros pra te esquecer
E o foda é que eu sempre volto atrás
E sempre, em todos os sinais, me pego pensando em você

Logo eu que amo ser o melhor de tudo
Imagina quanto dói ser tão ruim pra você
Meus dois amores disputando atenção
Você ou minha carreira, qual que vai vencer?
A dor de ser tão insuficiente
Seus pra sempres acabaram depois de me conhecer
Eu superei todos amores da sua vida
Curei feridas antigas e acabei criando novas
Me desculpa, amor

Dói demais
Admitir que só o amor não é o suficiente e não resolve tudo
Dói demais
Eu queria tanto ainda conseguir fingir que não te amo

Essas vadias não são boas o suficiente
Pra me fazer te esquecer (te esquecer, te esquecer)
Me sinto pequeno ao seu lado
E esses caras na sua DM
Pra me alcançar, ainda precisam crescer (precisam crescer)
Eu tenho a senha
Te satisfaço em tudo, só não consigo te dar uma vida tranquila

Ó, coração vagabundo
Imagina quanto dói ser tão ruim pra você

Não adianta vir me procurar
Sabe, eu sou melhor só
Já tentei até me relacionar
Mas a cabeça dá um nó
Outros corpos pra me entreter
Outros cheiros pra te esquecer
E o foda é que eu sempre volto atrás
Todos os sinais, penso em você

"
13,Oi Balde  de Zé Neto & Cristiano,Oi Balde,Zé Neto e Cristiano,"Sabe quando a gente termina um relacionamento
E sente um alívio?
Já passei por isso
Sabe quando a gente mete o louco na cidade e sai moendo?
Também já fiz isso e ainda tô fazendo

Eu já borrei batons pela cidade
Mas nada apaga minha saudade
Eu tento, mas não acho alguém do nível
Só acho amor incompatível

Oi, balde
Desculpa a cara de pau, mas deu saudade
Eu te chutei quando a raiva tava no auge
Eu fui um trouxa, a gente sabe
Que nunca foi falta de amor, foi só falta de maturidade

Oi, balde
Desculpa a cara de pau, mas deu saudade
Eu te chutei quando a raiva tava no auge
Eu fui um trouxa, a gente sabe
Que nunca foi falta de amor, foi só falta de maturidade
Fala que pra te buscar ainda não é tarde

Eu já borrei batons pela cidade
Mas nada apaga minha saudade
Eu tento, mas não acho alguém do nível
Só acho amor incompatível

Oi, balde
Desculpa a cara de pau, mas deu saudade
Eu te chutei quando a raiva tava no auge
Eu fui um trouxa, a gente sabe
Que nunca foi falta de amor, foi só falta de maturidade

Oi, balde
Desculpa a cara de pau, mas deu saudade
Eu te chutei quando a raiva tava no auge
Eu fui um trouxa, a gente sabe
Que nunca foi falta de amor, foi só falta de maturidade
Fala que pra te buscar ainda não é tarde

"
14,Traumatizei  Em Brasília de Henrique & Juliano,TRAUMATIZEI,Henrique e Juliano,"Desde que a gente terminou ela não namorou mais
Por que será, né?
Lembro que eu prometi que não ia sumir
Não ia te deixar e nunca ia fazer seu olho chorar

Juntou um pouco de falha no meu caráter
Com a imaturidade da minha parte
É assim que uma insegura nasce

Se hoje ela não consegue confiar em ninguém
Se ela vê coisa errada até onde não tem
Se ela não consegue se entregar, a culpa é minha
A culpa é toda minha

Se hoje ela é fria, eu que esfriei
E pode me chamar de otário
Eu sou, eu sei
Se ela tem o pé atrás com todo mundo, fui eu que puxei

Pediu pra cuidar, eu não cuidei
Era pra amar, traumatizei
Ela pediu pra cuidar, eu não cuidei
Era pra amar, traumatizei

Juntou um pouco de falha no meu caráter
Com a imaturidade da minha parte
É assim que uma insegura nasce

Se hoje ela não consegue confiar em ninguém
Se ela vê coisa errada até onde não tem
Se ela não consegue se entregar, a culpa é minha
A culpa é toda minha

Se hoje ela é fria, eu que esfriei
E pode me chamar de otário
Eu sou, eu sei
Se ela tem o pé atrás com todo mundo, fui eu que puxei

Pediu pra cuidar, eu não cuidei
Era pra amar, traumatizei
Ela pediu pra cuidar, eu não cuidei
Era pra amar, traumatizei

"
15,"Love Gostosinho  de NATTAN, Felipe Amorim",Love Gostosinho (part. Felipe Amorim),NATTAN,"Pra que tu foge de mim?
Pra que tu tenta esquecer
Se vai ser sempre assim?
Bebida, balada, e eu sou o fim do rolê

Tu brota aqui, toda sagaz
Toda fogosa e a gente faz
Te dou o love que tu é fã

É gostosinho, safadinho e a gente vai até de manhã
E tu pedindo bota, e eu botando, vai até de manhã
Um love gostosinho, safadinho, vai até de manhã
Tu pedindo bota, e eu botando, vai até de manhã

Tu vai, mas sempre volta
Meu quarto é o fim da rota
Chega jogando o sutiã, tira a calcinha
Safadinha, a gente vai até de manhã

Pra que tu foge de mim?
Pra que tu tenta esquecer
Se vai ser sempre assim?
Bebida, balada, eu sou o fim do rolê

Tu brota aqui, toda sagaz
Toda fogosa e a gente faz
Te dou o love que tu é fã

É gostosinho, safadinho, vai até de manhã
Tu pedindo bota, e eu botando, vai até de manhã
Love gostosinho, safadinho e a gente vai até de manhã
Tu pedindo bota, e eu botando, vai até de manhã

(É)
(Oh, oh, oh)

"
16,085  de MC Rogerinho,085,MC Rogerinho,"Cinderela, vem buscar sua lingerie
Vem terminar aquela cachorrada com seu vetim
Cinderela, vem buscar sua lingerie
Vem terminar aquela cachorrada com seu vetim

Quer de novo, quer de novo, quer de novo
Essa novinha quer marquinha no pescoço
Tá doidinha na botada criminosa
Te pego de frente e você passa mal

Quer de novo, quer de novo, quer de novo
Essa novinha quer marquinha no pescoço
Tá doidinha na botada criminosa
Te pego de frente e você passa mal

Morena gostosa do 085
Tem o paraíso embaixo do vestido
Pela estrada a fora no banco da frente
Ela faz umas paradas diferentes

Oi, ela não quer ganhar flores
Ela não quer mais amores
Só quer um lugar pra sentar

Oi, ela não quer ganhar flores
Ela não quer mais amores
Só quer um lugar pra sentar

Quer de novo, quer de novo, quer de novo
Essa novinha quer marquinha no pescoço
Tá doidinha na botada criminosa
Te pego de frente e você passa mal

Quer de novo, quer de novo, quer de novo
Essa novinha quer marquinha no pescoço
Tá doidinha na botada criminosa
Te pego de frente e você passa mal

Morena gostosa do 085
Tem o paraíso embaixo do vestido
Pela estrada a fora no banco da frente
Ela faz umas paradas diferentes

Oi, ela não quer ganhar flores
Ela não quer mais amores
Só quer um lugar pra sentar

Oi, ela não quer ganhar flores
Ela não quer mais amores
Só quer um lugar pra sentar

085

"
17,"Bombonzinho  de Israel & Rodolffo, Ana Castela",Bombonzinho (part. Ana Castela),Israel &amp; Rodolffo,"Por que tudo que eu quero ou é proibido
Ou faz gostoso?
Sua boca é um mel, deixa eu
Me lambuzar de novo

Na cama, cê tem talento
Cê manja dos movimento
Tem de tudo, só não tem sentimento
Na cama, cê tem talento
Cê manja dos movimento

Ah, esse corpão moreno aí
Derrete na boca igual bombonzinho
Pena que cê é pra frente
Tem uma porrada de gente que cê pega além de mim

Esse corpão moreno aí
Derrete na boca igual bombonzinho
Pena que cê é pra frente
Tem uma porrada de gente que cê pega além de mim

As que presta a gente nem se envolve
E as que não vale nada, nós apaixona e sofre
Os que presta a gente nem se envolve
E os que não vale nada, nós apaixona e sofre

Na cama, cê tem talento
Cê manja dos movimento
Tem de tudo, só não tem sentimento
Na cama, cê tem talento
Cê manja dos movimento

Ah, esse corpão moreno aí
Derrete na boca igual bombonzinho
Pena que cê é pra frente
Tem uma porrada de gente que cê pega além de mim

Esse corpão moreno aí
Derrete na boca igual bombonzinho
Pena que cê é pra frente
Tem uma porrada de gente que cê pega além de mim

As que presta a gente nem se envolve
E as que não vale nada, nós apaixona e sofre
Os que presta a gente nem se envolve
E os que não vale nada, nós apaixona e sofre

As que não vale nada, nós apaixona e sofre

"
18,Leão de Marília Mendonça,Leão,Marília Mendonça,"Que o Sol da manhã te dissolva
Seu vampiro de filmes pastelão
Mas quem vai nos julgar?
Sou seu despenteado leão

Sei que cê me entende bem
Sempre foge quando namora
Se você não ama ninguém
Por que tá me escutando agora?

Sua linda, tão louca
Minha Mona Lisa, tira a minha roupa
Me fascina, me assassina, me beija na boca
Minha mulher, menina, me ensina a ser vida louca
Teu olho piscina me afoga e faz boca a boca
Renova minha rima, vem de garfo que hoje é sopa, menina

Mas quem vai nos julgar?
Vilão particular

Se eu subo nesse palco aqui
Foi Deus que me criou assim
E os holofotes vêm ao meu encontro
É que eu te amo e nem te conto
Não, não posso ser seu santo

Sou fato ou hipótese
Sou rei, cigano ou nômade
Desculpe esse meu jeito soberano
Mas hoje é por você que eu canto
É por você que eu canto

Sei que cê me quer também
Marília leoa gostosa
Posso te ligar, meu bem?
Que que cê tá fazendo agora?

Tão lindo, tão louco, meu grande amigo
Depois de você, os outros são outros
Cê tá fodido, vamo fazer amor
Cantar um sertanejo antigo e beijar na boca, amor

Pode ser até que você não me dê moral
Até me ver no espaço pela banca de jornal

"
19,Mágica  de Hugo & Guilherme,Mágica,Hugo e Guilherme,"Desconfiei dos seus amigos, dos meus, de todos
Até pensei: Será que eu não tô sendo escroto?
E ao mesmo tempo, tem um tempo que seu beijo anda meio xoxo
Na cama é três minutinhos, vira de lado caindo de sono

Quando eu perguntava, me chamava de doido
Quando não falava: Ih, vai começar de novo?
Ela falou: Acha
Achei sem fazer muito esforço

Não teve grito, nem rolo, nem nada
Apertei um pouco, cê entregou ligeiro
Já sei o dia, a hora
E se não bastasse, até o nome do companheiro
Cê plantou isso e vai morrer de fome
Faz uma mágica aí pra gente e some

Não teve grito, nem rolo, nem nada
Apertei um pouco, cê entregou ligeiro
Já sei o dia, a hora
E se não bastasse, até o nome do companheiro
Cê plantou isso e vai morrer de fome
Faz uma mágica aí pra gente e some

Quando eu perguntava, me chamava de doido
Quando não falava: Ih, vai começar de novo?
Ela falou: Acha
Achei sem fazer muito esforço

Não teve grito, nem rolo, nem nada
Apertei um pouco, cê entregou ligeiro
Já sei o dia, a hora
E se não bastasse, até o nome do companheiro
Cê plantou isso e vai morrer de fome
Faz uma mágica aí pra gente

Não teve grito, nem rolo, nem nada
Apertei um pouco, cê entregou ligeiro
Já sei o dia, a hora
E se não bastasse, até o nome do companheiro
Cê plantou isso e vai morrer de fome
Faz uma mágica aí pra gente e some

Faz uma mágica aí pra gente e some

"
20,"Namorando Ou Não  de Clayton & Romário, Luan Santana",Namorando Ou Não (part. Luan Santana),Clayton e Romário,"Só Deus sabe o que o meu olho vai chorar pra te esquecer
Vai doer
Mas vou ter que te tirar na marra do meu coração
Eu vou ter que dar um jeito e me virar com essa saudade
Cedo ou tarde
Eu vou ter que engolir seco essa decepção

De ter amado muito
Do seu amor de menos
Mas coração é cego quando assunto é sentimento
Eu te desejo sorte
E que seja feliz
A gente só não foi pra sempre por um triz

É foda
Saber que a gente é só um ex-casal agora
Mas nunca que cê vai ser ex no meu coração
Namorando ou não
Namorando

É foda
Saber que a gente é só um ex-casal agora
Mas vai ser sempre a top aqui no meu colchão
Namorando ou não
Namorando ou não

De ter amado muito
Do seu amor de menos
Mas coração é cego quando assunto é sentimento
Eu te desejo sorte
E que seja feliz
A gente só não foi pra sempre por um triz

É foda
Saber que a gente é só um ex-casal agora
Mas nunca que cê vai ser ex no meu coração
Namorando ou não
Namorando

É foda
Saber que a gente é só um ex-casal agora
Mas vai ser sempre a top aqui no meu colchão
Namorando ou não
Namorando ou não

Namorando ou não
Namorando ou não

"
21,"Eu Gosto Assim  de Gustavo Mioto, Mari Fernandez",Eu Gosto Assim (part. Mari Fernandez),Gustavo Mioto,"Tem gente que não quer amor
Só gosta do calor
Que faz embaixo do lençol
Que chega ainda tem Lua
Passa a noite toda nua
E vaza no nascer do Sol

E olha o que me aconteceu
Achei alguém igual eu
A gente se entende assim
Porque nenhum dos dois é de pra sempre
Mas eu gosto assim
Ela não me ama, mas eu gosto assim
A gente se pega sem se apegar
A gente usa a cama só pra se usar
Sem amar

Mas eu gosto assim
Ele não me ama, mas eu gosto assim
A gente se pega sem se apegar
A gente usa a cama só pra se usar
Sem amar
Sem amar
Sem amar

Mari Fernandez

Olha o que me aconteceu
Achei alguém igual eu
A gente se entende assim
Porque nenhum dos dois é de pra sempre

Mas eu gosto assim
Ela não me ama, mas eu gosto assim
A gente se pega sem se apegar
A gente usa a cama só pra se usar
Sem amar

Mas eu gosto assim
Ela não me ama, mas eu gosto assim
A gente se pega sem se apegar
A gente usa a cama só pra se usar
Sem amar
Sem amar
Sem amar

Mas eu gosto assim
A Mari não me ama, mas eu gosto assim
A gente se pega sem se apegar
A gente usa a cama só pra se usar
Sem amar

Mas eu gosto assim

"
22,Saudade da Minha Vida  de Gusttavo Lima,Saudade da Minha Vida,Gusttavo Lima,"Olha quem chegou
Já tá com alguém
Ontem terminou
Chorou, falou que não tava bem

Sei, sua intenção é me fazer sofrer
Pisar no nego, botar pra moer
Mas deixa eu te falar

Ô saudade que eu tava da minha vida
Da vida de cachorrada
Da vida de putaria

Saudade que eu tava da minha vida
Da vida de cachorrada
Da vida de putaria

Por falar em putaria
Tô aqui fazendo uma
Na minha mesa tem a loira, a morena e a ruiva

Hoje não sou eu que escolho
Elas que estão me escolhendo
Pela cara da minha ex
A deprê já tá batendo

Ô saudade que eu tava da minha vida
Da vida de cachorrada
Da vida de putaria

Olha quem chegou
Já tá com alguém
Ontem terminou
Chorou, falou que não tava bem

Sei, sua intenção é me fazer sofrer
Pisar no nego, botar pra moer
Mas deixa eu te dizer

Ô saudade que eu tava da minha vida
Da vida de cachorrada
Da vida de putaria

Saudade que eu tava da minha vida
E da vida de cachorrada
Da vida de putaria

Por falar em putaria
Tô aqui fazendo uma
Na minha mesa tem a loira, a morena e a ruiva

Hoje não sou eu que escolho
Elas que estão me escolhendo
Pela cara da minha ex
A deprê já tá batendo

Ô saudade que eu tava da minha vida
E da vida de cachorrada
Da vida de putaria

Da vida de cachorrada
Da vida de putaria

"
23,"Vacilão de Zé Felipe, Igow, Wesley Safadão",Vacilão (part. Igow e Wesley Safadão),Zé Felipe,"Igow-Igow, Zé Felipe, Safadão
Coloca o capacete, que lá vem pedrada

Pra tocar no paredão, pra tocar no paredão
Zé Felipe, Igow-Igow, Safadão

Tô chegando grandão pra cuidar do teu coração
Mas calma, vida, não chora, não
Eu sei que o teu ex foi o maior vacilão
Mas calma, vida, que eu tenho a solução

(Em vez de você ficar pensando nele) ai

Quica em mim, senta em mim
Que eu boto de frente, boto de ladinho
Quica em mim, senta em mim
Que eu boto de frente, boto de ladinho
Quica em mim, senta em mim
Que eu boto de frente, boto de ladinho
Quica em mim, senta em mim
Que eu boto de frente, boto de ladinho (vai)

Igow-Igow, Igow-Igow, Igow-Igow, Igow-Igow
Igow-Igow, Zé Felipe e Safadão
Vai, vai, vai, vai, pra tocar no paredão

(Vai, vai, vai)

Tô chegando grandão pra cuidar do teu coração
Mas calma, vida, não chora, não
Eu sei que o teu ex foi o maior vacilão
Mas calma, vida, que eu tenho a solução

(Em vez de você ficar pensando nele) ai

Quica em mim, senta em mim
Que eu boto de frente, boto de ladinho
Quica em mim, senta em mim
Que eu boto de frente, boto de ladinho, vai
Quica em mim, senta em mim
Que eu boto de frente, boto de ladinho
Quica em mim, senta em mim
Que eu boto de frente, boto de ladinho (vai)

Eu vou falar só uma vez, escuta o que eu digo
Safadão, Zé Felipe e Igow-Igow, Igow, vai
Igow-Igow, Igow, vai
Igow-Igow, Igow, vai
Swinga

"
24,"Não Para de Belle Kaffer, Ana Castela, Charles New",Não Para (part. Belle Kaffer e Charles New),Ana Castela,"Cheiro de terra molhada, as bruta da pecuária
Fivela, chapéu, manga-larga marchador
E no seu alto-falante o som é o nosso berrante
Nem adianta arreio porque sem freio eu já tô

Vou misturar modão com baile da gaiola
Deixa tocar funk com moda de viola
A boiadeira virou maloqueira
A boiadeira virou maloqueira
A boiadeira virou maloqueira

Solta, largada que eu vou cavalgar
Ah, se prepara, a boiadeira vai brincar
Quando me ver chegar, vai se apaixonar
Senta, que o show vai começar

Não para, não para (não para)
Não para, não para
Não para, não para (não para)
A boiadeira não para, não
Não para, não para (não para)
Não para, não para
Não para, não para (não para)
A maloqueira mexe o rabão

(Não para, não para)
(Não para, não para)

Cheiro de terra molhada, as bruta da pecuária
Fivela, chapéu, manga-larga marchador
E no seu alto-falante o som é do nosso berrante
Não adianta arreio porque sem freio eu já tô

Vou misturar modão com baile da gaiola
Deixa tocar funk com moda de viola
As boiadeira virou maloqueira
As boiadeira virou maloqueira
As boiadeira virou maloqueira

De naveira, de cavalo, caminhonete, som no talo
Eu adoro, eu me amarro
De shortinho cavadinho ou fivela de peão
A boiadeira não para, não
A maloqueira mexe o rabão

Mexe o bumbum
Mexe o bumbum
Mexe o bumbum
Mexe o bumbum
Mexe o bumbum
Mexe o bumbum
Mexe o bumbum
Mexe o bumbum

De shortinho cavadinho ou fivela de peão
A boiadeira não para, não
A maloqueira mexe o rabão

Não para, não para (não para)
Não para, não para
Não para, não para (não para)
A boiadeira não para, não
Não para, não para (não para)
Não para, não para
Não para, não para (não para)
A maloqueira mexe o rabão

"
25,"Conexões de Máfia (feat. Rich The Kid) de Matuê, Rich The Kid",Conexões de Máfia (feat. Rich The Kid),Matuê,"(Grah)

Minha corrente e meu relógio têm branco e rosé
Tudo um doce, uma bala de V
Eu não vim da roça, eu vou vingar os
Que me vingaram, só pra fuder você (oh)
Desacredita? É só pagar pra ver (yeah)
Quer um show? É só pagar pra ver (yeah)
Uma vez tentaram me enrolar
Ver meu corpo noticiado na TV

Eu tenho conexões de máfia
Ninguém nunca vai me atrasar
Condições especiais
Não se compara, não somos iguais
Ficção na TV, yeah
Vai matar ou morrer? Yeah (grah)
Ye-yeah, eis a questão, eis a questão

Had to stash the whole milli' in the ceiling
Need a Visa for a bitch in Brazilly (bitch)
Mob boss, my wrist is like two-fifty
Might fly to Brazil and pull out the Bentley
Show love to the kids, I'm passin' money
Hundreds, fifties, make it rain twenties
Oversea' bitch sayin': Make it rain on me (oversea')
I was in the trap 'fore I had a chain on me

Cuidado com a vida, mano (mano, yeah)
A morte já é garantia, mano (mano, yeah)
Cuidado onde você pisa, mano (mano)
Pode ser armadilha, mano (mano)
(Três da manhã com a MAC na virilha)
E eu só vazo quando for dia, mano
É como minha vó dizia, mano (ye-yeah)
Pra que ter vida se não vai ser pra ser vivida?

Põe limão na ferida
Coisa ruim vira notícia
Sem espaço pra quem vacilar
A coisa não ficar mais séria ainda

Porque eu tenho conexões de máfia
Ninguém nunca vai me atrasar
Condições especiais
Não se compara, não somos iguais
Ficção na TV, yeah
Vai matar ou morrer? Yeah (grah)
Ye-yeah, eis a questão (yeah, yeah), eis a questão (yeah, yeah)

(Mob ties) just for a rack
My niggas, they gettin' you wet (mob ties, mob ties)

I feel like Al Capone, Big Meech (Big Meech)
Real, so they give me love in the skreets (in the skreets)
And the way that she feel (she feel)
Took her home from Brazil (home from Brazil)
Mayweather, its hand like a pro boxer (pro boxer)
Kick'er outta the crib like I play soccer (soccer)
Freaky lil' bih' like to play doctor
Mama walked in my room, seen a real choppa

We got big guns like the mafia (mafia)
When you're gettin' to the money, ain't no stoppin' you (stoppin' you)
They call me The Kid like a toddler (toddler)
Bulletproof car like a mobster (mobster)

Eu tenho conexões de máfia
Ninguém nunca vai me atrasar
Condições especiais
Não se compara, não somos iguais
Ficção na TV, yeah
Vai matar ou morrer? Yeah (grah)
Ye-yeah, eis a questão, eis a questão

Cuidado com a vida, mano
Cuidado onde você pisa, mano
Pode ser armadilha, mano
(Três da manhã com a MAC na virilha)
E eu só vazo quando for dia, mano
É como minha vó dizia, mano

São conexões de máfia
Ninguém nunca vai me atrasar
Condições especiais
Não se compara, não somos iguais
Ficção na TV, yeah
Vai matar ou morrer? Yeah
Eis a questão, eis a questão

"
26,"Engana Dizendo Que Ama de Veigh, Tz da Coronel, Toledo, Nagalli, Bvga Beatz, Supernova Ent",Engana Dizendo Que Ama (part. TZ da Coronel),Veigh,"(Negalli, he sent me the magic)
(Ela me engana dizendo que ama)
(Ela me engana dizendo que me ama)
(Ela me engana dizendo que ama)

Ela me engana dizendo que
Vai, mente pra mim (Veigh, baby, uh)
Ela me engana dizendo que ama (vai, vai), mente pra mim
Ela me engana dizendo que ama, dizendo que ama
Ela me engana dizendo que ama (vai, vai), mente pra mim

Garota, como cê tem coragem
De mentir olhando no meu olho?
Se eu contar dos seus erros
Não foi um, não foi dois
Errou de novo

Maldita, inimiga da verdade
Na sua, na sua mente eu só vejo maldade
Fodeu comigo ontem, foi embora hoje
E mentiu que voltava mais tarde

E agora como eu fico?
Se eu dispensei todas as garotas
Pensando que você ia fechar comigo
Que eu recusei todos os convites
Mesmo daquelas que eu disse ser amigo (ou vida)
Responde pra mim como que eu
Responde pra mim como que eu fico
Responde pra mim como que

Eu fui tão inocente
Fui tão inocente em cair no seu, seu
Inconsequente, instinto eloquente, esse daí sou eu

Como eu posso acreditar em você se isso era uma mentira?
Como eu posso acreditar em nós dois se é só decepção?
Eu já te dei tantas chances, mas você sempre vacila
O foda é que ela é muito gostosa e faz um sexo bom

Se a intenção era não ter compromisso
Me fala por que tu tá fazendo isso
Me fala por que nós deixou chegar nisso
Vou me controlar pra não perder o juízo

Mas até quando você vai fingir?
Até quando você vai negar?
Até quando eu vou me despedir?
Até quando eu vou te esperar?

Fui tão inocente em cair no seu golpe
Instinto eloquente, esse daí sou eu, esse
Fumaça na mente, o dia amanheceu
OG, distância entre a gente, o que aconteceu?
Me fala por que tu tá fazendo isso

Ela me engana dizendo que
Vai, mente pra mim
Ela me engana dizendo que ama (vai, vai), mente pra mim
Ela me engana dizendo que ama, dizendo que ama
Ela me engana dizendo que (vai, vai), mente pra mim

Como eu posso acreditar em você se isso era uma mentira?
Como eu posso acreditar em nós dois se é só decepção? (Engana dizendo que ama)
Eu já te dei tantas chances, mas você sempre vacila (engana dizendo que)
O foda é que ela é muito gostosa e faz um sexo bom

"
27,A Culpa É Nossa  de Maiara & Maraisa,A Culpa É Nossa,Maiara e Maraisa,"Tá preocupado com o que eu vou falar
Quando alguém perguntar o motivo da gente largar
Eu vou falar a verdade
Se isso te incomoda

Pensasse antes de ter feito
O que chama de erro, eu chamo de escolha
Ou quer me convencer que alguém colocou uma arma na sua cabeça e falou
Beija minha boca?

Já que cê não quer sair como o ruim da história, então fala aí
Que a culpa é nossa
De cê ter traído, de cê ter mentido, de cê ser um bosta
Que a culpa é nossa
De cê ter traído, de cê ter mentido, de cê ser um bosta

Já que cê não quer sair como o ruim da história
Então mente aí que a culpa é nossa

Pensasse antes de ter feito
O que chama de erro, eu chamo de escolha
Ou quer me convencer que alguém colocou uma arma na sua cabeça e falou
Beija minha boca?

Já que cê não quer sair como o ruim da história, então fala aí
Que a culpa é nossa
De cê ter traído, de cê ter mentido, de cê ser um bosta
Que a culpa é nossa
De cê ter traído, de cê ter mentido, de cê ser um bosta

Já que cê não quer sair como o ruim da história
Então mente aí que a culpa é nossa

Já que cê não quer sair como o ruim da história, então fala aí
Que a culpa é nossa
De cê ter traído, de cê ter mentido, de cê ser um bosta
Que a culpa é nossa
De cê ter traído, de cê ter mentido, de cê ser um bosta

Já que cê não quer sair como o ruim da história
Então mente aí que a culpa é nossa
Que a culpa é nossa

"
28,"Manda um Oi  de Guilherme & Benuto, Simone Mendes",Manda um Oi (part. Simone Mendes),Guilherme e Benuto,"Você já foi de A a Z no meus contatos
Já revirou todas conversas de cima pra biaxo
Não viu foto, não viu vídeo, não viu nada suspeito
Mas o erro do errado é acha que faz tudo direito

Mas um detalhe não escapou do seu olho
Ela cismou com um contato diferente e disse
Fala com ela agora na minha frente

Manda um oi aí pra eu ver
Ela falando com você
Pra eu ver o grau de intimidade
Se o nada a ver tem mesmo nada a ver

Manda um oi aí pra eu ver
O que ela vai responder
Você tá a uma mensagem
De provar o que você vale ou de me perder

Aí não teve o que fazer
Aí eu vou falar o quê?

Mas isso também acontece de outro jeito, viu?
Vou contar

Mas um detalhe não escapou do seu olho
Ele cismou com um contato diferente e disse
Fala com ele agora na minha frente

Manda um oi aí pra eu ver
Ele falando com você
Pra eu ver o grau de intimidade
Se o nada a ver tem mesmo nada a ver

Manda um oi aí pra eu ver
O que ela vai responder
Você tá a uma mensagem
De provar o que você vale ou de me perder

Manda um oi aí pra eu ver
O que ela vai responder
Você tá a uma mensagem
De provar o que você vale ou de me perder

Não teve o que fazer (não teve o que fazer)
Aí eu vou falar o quê? (eu vou falar o quê?)

"
29,"Desandei  de Lauana Prado, Guilherme & Benuto",Desandei (part. Guilherme e Benuto),Lauana Prado,"Nunca fui boa nisso, nem sei se eu já amei
Eu nunca durei mais de uma semana com alguém
Com você, eu durei, e durei mais de mês
Quase apaixonei, mas aí desandei

Desandei e andei
Perambulei por bocas
Eu borrei batom e arranquei roupas
Tentei ser vida certa, mas sou vida louca

Se seu: Eu te amo, nunca ouviu meu: Eu também
É que o coração que você se amarrou
Não se amarra em ninguém, ninguém
Você querendo um amor e eu querendo cem
É que o coração que você se amarrou
Não se amarra em ninguém, ninguém

Se seu: Eu te amo, nunca ouviu meu: Eu também
É que o coração que você se amarrou
Não se amarra em ninguém, ninguém
Você querendo um amor e eu querendo cem
É que o coração que você se amarrou
Não se amarra em ninguém

Com você, eu durei, e durei mais de mês
Quase apaixonei, mas aí desandei

Desandei e andei
Perambulei por bocas
Eu borrei batom e arranquei roupas
Tentei ser vida certa, mas sou vida louca

Se seu: Eu te amo, nunca ouviu meu: Eu também
É que o coração que você se amarrou
Não se amarra em ninguém, ninguém
Você querendo um amor e eu querendo cem
É que o coração que você se amarrou
Não se amarra em ninguém, ninguém, ninguém

Se seu: Eu te amo, nunca ouviu meu: Eu também
É que o coração que você se amarrou
Não se amarra em ninguém, ninguém, ninguém
Você querendo um amor e eu querendo cem
É que o coração que você se amarrou
Não se amarra em ninguém, ninguém, ninguém

É que o coração que você se amarrou
Não se amarra em ninguém, ninguém, ninguém

"
30,Pátio do Posto  de Zé Neto & Cristiano,Pátio do Posto,Zé Neto e Cristiano,"Enquanto eu pago a conta do quarto
Cê vai secando seu cabelo molhado
Logo em seguida, a gente vai sentido ao posto
Onde você deixou seu carro

Com o celular na mão e um olhar de arrependida
Só do contato Amor foram doze mensagens
E cinco ligações perdidas

E antes de descer, confere no espelho
Olha pro pescoço, vê se não tem nenhum roxo
E me pergunta se na roupa
Ficou o meu cheiro

Me dá um beijo rápido e me fala: Adeus
E sai da minha vida cantando pneu

Eu tô no pátio do posto
Louco, louco, louco
Ela voltou pro outro
Coração aqui no puro ódio, eu fingindo costume
Mas transar com alguém de outro alguém
Não pode ter ciúme, não pode ter ciúme

E antes de descer confere no espelho
Olha pro pescoço, vê se não tem nenhum roxo
E me pergunta se na roupa
Ficou o meu cheiro

Me dá um beijo rápido e me fala: Adeus
E sai da minha vida cantando pneu

Eu tô no pátio do posto
Louco, louco, louco
Ela voltou pro outro
Coração aqui no puro ódio, eu fingindo costume
Mas transar com alguém de outro alguém
Não pode ter ciúme, não pode ter ciúme

Eu tô no pátio do posto
Louco, louco, louco
Ela voltou pro outro
Coração aqui no puro ódio, eu fingindo costume
Mas transar com alguém de outro alguém
Não pode ter ciúme, não pode ter ciúme

Enquanto eu pago a conta do quarto
Cê vai secando seu cabelo molhado

"
31,Rancorosa  Em Brasília de Henrique & Juliano,RANCOROSA,Henrique e Juliano,"Hoje eu acordei
Com uma vontade de mandar um texto do tamanho do mundo
Mas eu não mandei
Escrevi e apaguei
Escrevi e apaguei

Eu nem sei
Quantas vezes o meu dedo foi no enviar e eu desviei

Se eu mando o que eu penso, a gente não volta
Aí a foto dela some na hora
E se eu conheço bem aquela rancorosa
Vai ter copo, vai ter foto com legenda: Vida nova

E toda vez que eu vou pra deixar ela, eu deixo quieto
Mas que às vezes dá vontade, dá
De mandar pra longe, eu chego mais perto
E toda vez que eu vou pra deixar ela, eu deixo quieto
Mas que às vezes dá vontade, dá
De mandar pra longe, eu chego mais perto

Não sei o que ela fez comigo
Sou um covarde assumido
E o medo de te perder
Os meus argumentos começam perdidos
E aí quem disse que eu envio?

Se eu mando o que eu penso, a gente não volta
Aí a foto dela some na hora
E se eu conheço bem aquela rancorosa
Vai ter copo, vai ter foto com legenda: Vida nova

E toda vez que eu vou pra deixar ela, eu deixo quieto
Mas que às vezes dá vontade, dá
De mandar pra longe, eu chego mais perto
E toda vez que eu vou pra deixar ela, eu deixo quieto
Mas que às vezes dá vontade, dá
De mandar pra longe, eu chego mais perto

Não sei o que ela fez comigo
Sou um covarde assumido
E o medo de te perder
Os meus argumentos começam perdidos
E aí quem disse que eu envio?

"
32,"Pactos  de Matheus & Kauan, Jorge & Mateus",Pactos (part. Jorge &amp; Mateus),Matheus e Kauan,"Eu nem dormi pensando em tudo que aconteceu, iê, iê
Guardei em mim cada detalhe que a gente viveu, iê, iê

O combinado era da gente se reencontrar
Quem sentir saudade primeiro, ligar
Me enlouqueceu e desapareceu
Plantou amor no peito e não voltou pra regar

Promessas não são contratos
Beijos nem sempre são pactos, iê, iê
Eu deveria saber
Que sentimentos vazios
Não preenchem os espaços
Cê nem aí e eu amando você

Promessas não são contratos
Beijos nem sempre são pactos, iê, iê
Eu deveria saber
Que sentimentos vazios
Não preenchem os espaços
Cê nem aí e eu amando você

Eu nem dormi pensando em tudo que aconteceu, iê, iê
Guardei em mim cada detalhe que a gente viveu, iê, iê

O combinado era da gente se reencontrar
Quem sentir saudade primeiro, ligar
Me enlouqueceu e desapareceu
Plantou amor no peito e não voltou pra regar

Promessas não são contratos
Beijos nem sempre são pactos, iê, iê
Eu deveria saber
Que sentimentos vazios
Não preenchem os espaços
Cê nem aí e eu amando você

Promessas não são contratos
Beijos nem sempre são pactos, iê, iê
Eu deveria saber
Que sentimentos vazios
Não preenchem os espaços
Cê nem aí e eu amando você

Promessas não são contratos
Beijos nem sempre são pactos, iê, iê
Eu deveria saber
Que sentimentos vazios
Não preenchem os espaços
Cê nem aí e eu amando você

Eu amando você, iê, iê
E eu, e eu amando você

"
33,"Perdoou Nada  de Israel & Rodolffo, Jorge & Mateus",Perdoou Nada (part. Jorge &amp; Mateus),Israel &amp; Rodolffo,"Você ouviu da minha boca que minha boca passeou em outra
Mas eu fui homem o suficiente pra assumir que errei
E te dei escolha

Perdoa ou não perdoa?
E a gente decidiu ficar junto
Eu prometi não fazer mais e você não tocar mais no assunto

Cê perdoou
Mas vira e mexe cê dá uma lembrada
Não pode beber que cê joga na cara
E seu ciúme ataca, e vira brigaiada
Perdoou, perdoou, perdoou nada

Mas vira e mexe cê dá uma lembrada
É só beber que cê joga na cara
E seu ciúme ataca, e vira brigaiada
Perdoou, perdoou, perdoou nada

Cê ouviu da minha boca que minha boca passeou em outra
Mas eu fui homem o suficiente pra assumir que errei
E te dei escolha

Perdoa ou não perdoa?
E a gente decidiu ficar junto
Eu prometi não fazer mais e você não tocar mais no assunto

Cê perdoou
Mas vira e mexe cê dá uma lembrada
É só beber que cê joga na cara
E seu ciúme ataca, e vira brigaiada
Perdoou, perdoou, perdoou nada

Cê perdoou
Mas vira e mexe cê dá uma lembrada
Não pode beber que cê joga na cara
E seu ciúme ataca, e vira brigaiada
Perdoou, perdoou—

Cê perdoou
Mas vira e mexe cê dá uma lembrada
É só beber que cê joga na cara
E seu ciúme ataca, e vira brigaiada
Perdoou, perdoou, perdoou nada

Cê perdoou
Mas vira e mexe cê dá uma lembrada (dá uma lembrada)
Não pode beber que cê joga na cara
E seu ciúme ataca, e vira brigaiada
Perdoou, perdoou, perdoou nada

"
34,"Aquecimento Senta Senta Suave de MC Kevin o Chris, BUARQUE",Aquecimento Senta Senta Suave (part. BUARQUE),MC Kevin o Chris,"É no som da batida 
Do tambor xereca
Com pau vai quebrando 
Sentou balançando
(Isso é putaria)

De um lado pro outro
Do quarto pra sala
Da sala pra laje
Nós dois se embalando
(Minha preferida)

Senta, senta, senta, senta, senta, senta
Senta, senta, senta, senta, senta, senta
Senta, senta, senta, senta, senta, senta
Senta, senta, senta, senta, senta, senta

Fecha os olhos agora 
E vai movimentando
Imagina a cena
Tu por cima cavalgando
Rebolando devagar 
Tu vai sentando
Vai sentando

Senta, senta, senta, senta, senta, senta
Senta, senta, senta, senta, senta, senta
Senta, senta, senta, senta, senta, senta
Senta, senta, senta, senta, senta, senta

É no som da batida 
Do tambor xereca
Com pau vai quebrando 
Sentou balançando
(Isso é putaria)

De um lado pro outro
Do quarto pra sala
Da sala pra laje
Nós dois se embalando
(Minha preferida)

Senta, senta, senta, senta, senta, senta
Senta, senta, senta, senta, senta, senta
Senta, senta, senta, senta, senta, senta
Senta, senta, senta, senta, senta, senta

Fecha os olhos agora
E vai movimentando
Imagina a cena
Tu por cima cavalgando
Rebolando devagar
Tu vai sentando
Vai sentando

Senta, senta, senta, senta, senta, senta
Senta, senta, senta, senta, senta, senta
Senta, senta, senta, senta, senta, senta
Senta, senta, senta, senta, senta, senta

"
35,"Ela Voltou de Perna Bamba de Dj Pikeno Mpc, MC Guh SR, Markim WF, MC Pê Original",Chama Ela Pra Tomar (part. DJ Markim WF),MC Niack,"Só quero saber, mulher, como eu faço pra ter
É que o Niack voltou querendo te conhecer
Tu sempre me deu tesão e não tem como negar

Se eu pedir com educação tu deixa eu te catucar?
Se eu pedir com educação tu deixa eu te catucar?
Se eu pedir com educação tu deixa eu te catucar?

Chama ela pra tomar, pra tomar, pra tomar
Chama ela pra tom-, pra tom-, pra tom-, pra tom-, pra tomar
Chama ela pra tomar, pra tomar, pra tomar
Chama ela pra tom-, pra tom-, pra tom-, pra tomar

Toma, toma, toma, toma, toma
Então toma
Toma, toma, toma, toma, toma
Toma, toma, toma
Toma, toma, toma, toma, toma
Então toma

Vai desce de perna aberta
Jogando a bunda pro ar
Moça preste atenção
Que no 3 eu vou botar
1, 2, 3 vou botar

Toma, toma, toma
Toma, toma, toma
-Botar
Toma, toma, toma, toma, toma
Vou botar

O Markim já acionei
E sei que ele vai brotar
Embrazamento é de lei
Com o brabo de BH

Chama ela pra tomar, pra tomar, pra tomar
Chama ela pra tom-, pra tom-, pra tom-, pra tom-, pra tomar

Só quero saber, mulher, como eu faço pra ter
É que o Niack voltou querendo te conhecer
Tu sempre me deu tesão e não tem como negar

Se eu pedir com educação tu deixa eu te catucar?
Se eu pedir com educação tu deixa eu te catucar?
Se eu pedir com educação tu deixa eu te catucar?

Chama ela pra tomar, pra tomar, pra tomar
Chama ela pra tom-, pra tom-, pra tom-, pra tom-, pra tomar
Chama ela pra tomar, pra tomar, pra tomar
Chama ela pra tom-, pra tom-, pra tom-, pra tomar

Toma, toma, toma, toma, toma
Então toma
Toma, toma, toma, toma, toma
Toma, toma, toma
Toma, toma, toma, toma, toma
Então toma

Vai desce de perna aberta
Jogando a bunda pro ar
Moça preste atenção
Que no 3 eu vou botar
1, 2, 3 vou botar

Toma, toma, toma
Toma, toma, toma
-Botar
Toma, toma, toma, toma, toma
Vou botar

O Markim já acionei
E sei que ele vai brotar
Embrazamento é de lei
Com o brabo de BH

Chama ela pra tomar, pra tomar, pra tomar
Chama ela pra tom-, pra tom-, pra tom-, pra tom-, pra tomar

"
36,SOLTEIROU  de Luan Santana,SOLTEIROU,Luan Santana,"Cê acha que eu não sei que você tá
Acompanhando a minha vida toda nesse celular?
Amor, tu vai rodar
Tuas amigas tão mandando direct sem parar

Cê terminou, foi?
Cê solteirou, foi?
Achava que dava tão certo vocês dois
Uma quer sair, a outra quer jantar
E a orgulhosa pensando se quer voltar

Se tu não pegar
Suas amigas vão pegar
Se tu não beijar
Já tem fila pra beijar no teu lugar

Se não pegar
Suas amigas vão pegar
Se tu não beijar
Já tem fila pra beijar no teu lugar

Cê acha que eu não sei que você tá
Acompanhando a minha vida toda nesse celular?
Amor, tu vai rodar
Tuas amigas tão mandando direct sem parar

Cê terminou, foi?
Cê solteirou, foi?
Achava que dava tão certo vocês dois
Uma quer sair, a outra quer jantar
E a orgulhosa pensando se quer voltar

Se tu não pegar
Suas amigas vão pegar
Se tu não beijar
Já tem fila pra beijar no teu lugar

Se não pegar
Suas amigas vão pegar
Se tu não beijar
Já tem fila pra beijar no teu lugar

Cê terminou, foi?
Cê solteirou, foi?
Achava que dava tão certo vocês dois
Uma quer sair, a outra quer jantar
E a orgulhosa pensando se quer voltar

Se tu não pegar
Suas amigas vão pegar
Se tu não beijar
Já tem fila pra beijar no teu lugar

Se não pegar
Suas amigas vão pegar
Se tu não beijar
Já tem fila pra beijar no teu lugar

"
37,"Palhaça  de Naiara Azevedo, Ana Castela",Palhaça (part. Ana Castela),Naiara Azevedo,"Todo grupin de amiga tem que ter
A cachaceira que em todo rolê
Não pode ver um grau que já quer pegar
Já sabe que vai ter alguém pra carregar

E tem a pegadora
Que administra beijo
Beija um na frente do palco, outro na fila do banheiro
O batom 24 horas, na boca dela
Dura 10 minuto e meio

E tem
A dançarina que até nos modão
Quica no chão
Quica no chão

E tem eu, a emocionada
Que planeja a vida na primeira cantada
Que sente saudade de uma ficada
Iludida não
Palhaça

Eu, a emocionada
Que planeja a vida na primeira cantada
Que sente saudade de uma ficada
Iludida não
Palhaça

E tem a pegadora
Que administra beijo
Beija um na frente do palco, outro na fila do banheiro
O batom 24 horas, na boca dela
Dura 10 minuto e meio

E tem
A dançarina que até nos modão
Quica no chão
Quica no chão

E tem eu, a emocionada
Que planeja a vida na primeira cantada
Que sente saudade de uma ficada
Iludida não
Palhaça

Eu, a emocionada
Que planeja a vida na primeira cantada
Que sente saudade de uma ficada
Iludida não
Palhaça

"
38,DONA DE MIM de Ana Castela,Dona de Mim,Ana Castela,"Palhaço, decepção em cima de decepção
Eita amor que dá coice no coração
Acreditei que era herói, mas é bandido
Por que você fez isso comigo?

Mandei mensagem, só visualizou
Nada de responder, fazer o que?
Correr atrás de quem não te quer é burrice
(E no dia em que eu saí de casa, minha mãe me disse)

Eu criei filha minha pra ser boiadeira
Na volta desse mundo não ficar por baixo
Não vai ter frescurinha pra abrir porteira
E nunca nessa vida depender de macho

Eu criei filha minha pra ser boiadeira
Na volta desse mundo não ficar por baixo
Não vai ter frescurinha pra abrir porteira
E nunca nessa vida depender de macho

(Minha mãe me criou pra ser dona de fazenda, dona de gado)
(E, principalmente, dona de mim mesma)

Palhaço, decepção em cima de decepção
Eita amor que dá coice no coração
Acreditei que era herói, mas é bandido
Por que você fez isso comigo?

Mandei mensagem, só visualizou
Nada de responder, fazer o que?
Correr atrás de quem não te quer é burrice
(E no dia em que eu saí de casa, minha mãe me disse)

Eu criei filha minha pra ser boiadeira
Na volta desse mundo não ficar por baixo
Não vai ter frescurinha pra abrir porteira
E nunca nessa vida depender de macho

Eu criei filha minha pra ser boiadeira
Na volta desse mundo não ficar por baixo
Não vai ter frescurinha pra abrir porteira
E nunca nessa vida depender de macho

Na volta desse mundo
Não vai ter frescurinha pra abrir porteira
E nunca nessa vida depender de macho

Eu criei filha minha pra ser boiadeira
Na volta desse mundo não ficar por baixo
Não vai ter frescurinha pra abrir porteira
E nunca nessa vida depender de macho
E nunca nessa vida depender de macho

"
39,Altas Loucurinhas (Uni Duni Tê)  de Matheus Fernandes,Altas Loucurinhas,Matheus Fernandes,"Vem, vem jogando gostosinho pra mim
Já faz um tempo que eu tô a fim
Já falou que tu me quer também

Oh, não vai ter ninguém pra nos atrapalhar
Eu tô solteiro e tu também tá
Então chega logo pra gente se amar

Hoje a cama vai tremer, oh-oh
A gente vai fazer, oh-oh
Só eu e você
Altas loucurinhas pra te enlouquecer

Hoje a cama vai tremer, oh-oh
E a gente vai fazer, oh-oh
Só eu e você
Altas loucurinhas pra te dar prazer

Vem sentando, vem jogando
Vem, vem sentando e vem jogando
Vem, vem sentando e vem sentando

Vem, vem jogando gostosinho pra mim
Já faz um tempo que eu tô a fim
Já falou que tu me quer também

Não vai ter ninguém pra nos atrapalhar
Eu tô solteiro e tu também tá
Então chega logo pra gente

Hoje a cama vai tremer, oh-oh
A gente vai fazer, oh-oh
Só eu e você
Altas loucurinhas pra te enlouquecer

Hoje a cama vai tremer, oh-oh
E a gente vai fazer, oh-oh
Só eu e você
Altas loucurinhas pra te enlouquecer

Vem jogando, vem jogando
Vem, vem sentando e vem sentando
Vem, vem jogando e vem jogando

"
40,"Americana Na Vaquejada de Grandão Vaqueiro, NATTAN",Americana Na Vaquejada (feat. Grandão Vaqueiro),NATTAN,"Conheci uma americana lá na vaquejada
Ela falava comigo e eu não entendia nada
Na minha cabeça, ela só queria forrozar
Não deu outra, tomei uma e chamei pra dançar

Ela dizia assim
Ela dizia assim

We're burning up
We might as well be lovers on the Sun, oh
We might as well be lovers on the Sun, oh
We might as well be lovers on the Sun, oh
Might as well be lovers on the Sun

Eu conheci uma americana lá na vaquejada
Ela falava comigo e eu não entendia nada
Na minha cabeça, ela só queria forrozar
Não deu outra, tomei uma e chamei pra dançar

Ela dizia assim
Chamou o Nattanzin

We're burning up
We might as well be lovers on the Sun, oh
We might as well be lovers on the Sun, oh
We might as well be lovers on the Sun, oh
Might as well be lovers on the Sun

"
41,Coisas Que Eu Sei de Felipe Amorim,Coisas Que Eu Sei,Felipe Amorim,"Eu quero ficar perto
De tudo que acho certo
Até o dia em que eu mudar de opinião

A minha experiência
Meu pacto com a ciência
O meu conhecimento é minha distração

Coisas que eu sei
Eu adivinho sem ninguém
Ter me contado

Coisas que eu sei
O meu rádio relógio
Mostra o tempo errado
Aperte o play

Eu gosto do meu quarto
Do meu desarrumado
Ninguém sabe mexer na minha confusão

É o meu ponto de vista
Não aceito turistas
Meu mundo tá fechado pra visitação

Coisas que eu sei
O medo mora perto das ideias loucas

Coisas que eu sei
Se eu for eu vou assim
Não vou trocar de roupa
É minha lei

Eu corto os meus dobrados
Acerto os meus pecados
Ninguém pergunta mais
Depois que eu já paguei

Eu vejo o filme em pausas
Eu imagino casas
Depois eu já nem lembro
Do que eu desenhei

Coisas que eu sei
Não guardo mais agendas
No meu celular

Coisas que eu sei
Eu compro aparelhos
Que eu não sei usar
Mas já comprei

Às vezes dá preguiça
Na areia movediça
Quanto mais eu mexo
Mais afundo em mim

Eu moro num cenário
Do lado imaginário
Eu entro e saio sempre
Quando tô a fim

Coisas que eu sei
As noites ficam claras
No raiar do dia

Coisas que eu sei
São coisas que antes
Eu somente não sabia

Coisas que eu sei
As noites ficam claras
No raiar do dia

Coisas que eu sei
São coisas que antes
Eu somente não sabia
Agora eu sei

"
42,"Covardia de Wesley Safadão, Ana Castela",Covardia (part. Ana Castela),Wesley Safadão,"Covardia minha te ligar
Inocência sua me atender
Sabendo que eu não vou mudar
Que eu não vou assumir você
Sabendo que eu vou te fazer sofrer

Seria mais fácil me esquecer
Mas gosta do que eu sei fazer
Seria mais fácil me evitar
Mas gosta de se enganar

Seria mais fácil me esquecer
Mas gosta do que eu sei fazer
Seria mais fácil me evitar
Mas gosta de se enganar

Covardia minha te ligar
Inocência sua me atender
Sabendo que eu não vou mudar
Que eu não vou assumir você
Sabendo que eu vou te fazer sofrer

Seria mais fácil me esquecer
Mas gosta do que eu sei fazer
Seria mais fácil me evitar
Mas gosta de se enganar

Seria mais fácil me esquecer
Mas gosta do que eu sei fazer
Seria mais fácil me evitar
Mas gosta de se enganar

"
43,Desejo Imortal (It Must Have Been Love) de Gusttavo Lima,Desejo Imortal (It Must Have Been Love),Gusttavo Lima,"Fecho os olhos, tiro a roupa
Só sua boca tem o mel
Que acalma meu desejo
E me leva até o céu

Surreal e bom demais
Pena que toda vez

A gente faz amor
E eu me sinto mal
Você já tem alguém
E acha normal

A gente faz amor
E eu me sinto mal
Mas eu quero de novo
O meu desejo é imortal

Fecho os olhos, tiro a roupa
Só sua boca tem o mel
Que acalma meu desejo
E me leva até o céu

Surreal e bom demais
Pena que toda vez
Pena que toda vez

A gente faz amor
E eu me sinto mal
Você já tem alguém
E acha normal

A gente faz amor
E eu me sinto mal
Mas eu quero de novo
O meu desejo é imortal

A gente faz amor
E eu me sinto mal
Mas eu quero de novo
De novo, de novo

Eu fecho os olhos

"
44,Te Esqueci Sem Querer  Em Brasília de Henrique & Juliano,Te Esqueci Sem Querer,Henrique e Juliano,"Eu vou sair hoje
Pra sair numas fotos
Espremer seu ciúme
Pra ver se seu olho escorre

Vou colar nas boates
Nos barzinhos comuns
Nos cantos que cê odeia
Aonde tem 7 pra 1

Saí pra fazer uma cena
Entrei no personagem demais
E aquele cara largado, enferrujado nos papos
Deixou uma saudade pra trás

Eu te esqueci sem querer
Era pra te passar raiva
Passou da minha língua
E foi pro coração sem eu ver

Eu te esqueci sem querer
Quando vi, tinha um copo na mão
Uma boca na boca, e não tinha você

Eu te esqueci sem querer

Saí pra fazer uma cena
Entrei no personagem demais
E aquele cara largado, enferrujado nos papos
Deixou uma saudade pra trás

Eu te esqueci sem querer
Era pra te passar raiva
Passou da minha língua
E foi pro coração sem eu ver

Eu te esqueci sem querer
Quando vi, tinha um copo na mão
Uma boca na boca, e não tinha você

Eu te esqueci sem querer

Eu te esqueci sem querer
Era pra te passar raiva
Passou da minha língua
E foi pro coração sem eu ver

Eu te esqueci sem querer
Quando vi, tinha um copo na mão
Uma boca na boca, e não tinha você

Eu te esqueci sem querer

"
45,Metade De Mim  de Hugo & Guilherme,Metade de Mim,Hugo e Guilherme,"Não vai demorar, senta aqui
E olha no meu olho
E se eu chorar, é que eu já bebi
Tô desde às 6 num posto

Esperava tudo, qualquer coisa nesse mundo
Fecho o olho e lembro dentro do carro eu vendo
Apaixonada, rindo do que ele falava
Você me traiu e eu vim falar na cara que

Eu posso dizer
Que eu fui macho, que eu fui foda, dei amor, dei sim
Pega seus ex
Enfia um dentro do outro
Que não vai dar nem metade da metade de mim

Posso dizer
Que eu fui macho, que eu fui foda, dei amor, dei sim
Pega seus ex
Enfia um dentro do outro
Que não vai dar nem metade da metade de mim

Esperava tudo, qualquer coisa nesse mundo
Fecho o olho e lembro dentro do carro eu vendo
Apaixonada, rindo do que ele falava
Você me traiu e eu vim falar na cara que

Eu posso dizer
Que eu fui macho, que eu fui foda, dei amor, dei sim
Pega seus ex
Enfia um dentro do outro
Que não vai dar nem metade da metade de mim

Posso dizer
Que eu fui macho, que eu fui foda, dei amor, dei sim
Pega seus ex
Enfia um dentro do outro
Que não vai dar nem metade da metade de mim

Posso dizer
Que eu fui macho, que eu fui foda, dei amor, dei sim
Pega seus ex
Enfia um dentro do outro
Que não vai dar nem metade da metade de mim

"
46,DEUS É MUITO BOM  de Luan Santana,DEUS É MUITO BOM,Luan Santana,"Pro escuro da minha vida
Você foi um Sol
Nesse mar tão turbulento
Cê foi meu farol

Se eu sou quem eu sou
É porque você chegou e arrumou
A bagunça, o caos
Meu milagre mais real

Você me trouxe um caminhão de coisas boas
Foi minha sorte disfarçada de pessoa
Por tantas noites que eu passei juntando as mãos
Pedindo ao céu pra me mandar uma direção

Deus é muito bom
Ouviu minha oração
Deus é muito bom
Mandou seu coração

Pro escuro da minha vida
Você foi um Sol
Nesse mar tão turbulento
Cê foi meu farol

Se eu sou quem eu sou
É porque você chegou e arrumou
A bagunça, o caos, mm
Meu milagre mais real

Você me trouxe um caminhão de coisas boas
Foi minha sorte disfarçada de pessoa
Por tantas noites que eu passei juntando as mãos
Pedindo ao céu pra me mandar uma direção

Você me trouxe um caminhão de coisas boas
Foi minha sorte disfarçada de pessoa
Por tantas noites que eu passei juntando as mãos
Pedindo ao céu pra me mandar uma direção

Deus é muito bom
Ouviu minha oração
Deus é muito bom
Mandou seu coração

"
47,"Papin de MC Kevin o Chris, MC Caja",Papin (part. MC Caja),MC Kevin o Chris,"Caiu no meu papinho, já era
Aí o bagulho flui à vera
Nós bota, bota tudo nelas
Bota, soca, bota tudo nelas

Caiu no meu papinho, já era
Aí o bagulho flui à vera
Nós bota, bota tudo nelas
Bota, soca, bota tudo nelas

O iPhone no suporte ela avistou
Brisou no cabelinho do menor
Passou cinco minuto, ele arrastou
Mexeu com os pitbull, é um papo só

Então, vai descendo no talento, sarra forte
Po-pode vir, novinha, taca a buceta, não para
Che-cheia de tesão, tu quer fazer tingueleplock
Se você deixar vou te dar uma mamada

Então, firma, firma, senta, encosta
Tu fica de quatro no bota-bota
Papo reto, mina, eu vou te fazer uma proposta
(Papo reto)

Caiu no meu papinho, já era
Aí o bagulho flui à vera
Nós bota, bota tudo nelas (toma, toma)
Bota, soca, soca tudo nelas (toma, toma)

Caiu no meu papinho, já era (toma, toma)
Aí o bagulho flui à vera (toma, toma)
Nós bota, bota tudo nelas (toma, toma)
Bota, soca, bota tudo nelas (toma, toma)

(Toma, toma, toma, toma, toma, toma, toma, toma)
(Toma, toma, toma, toma, toma, toma, toma, toma)

"
48,"BEM MELHOR de MC Cabelinho, Oruam, Palma",BEM MELHOR (part. Oruam),MC Cabelinho,"(Eu não acreditava mais no amor)
(E do nada você chegou)

Eu não acreditava mais no amor
E do nada você chegou
Tipo cena de novela
Tipo Cabelinho e Bella
Tipo a Bela e a Fera

Garota, eu te juro que eu ainda vou achar o sapatinho da Cinderela
Nós é o casal melhor que eu vi
E quantos versos eu escrevi pensando em você, pesando em mim
O mais lindo que vão ver por aí

Dei pra minha preta uma bolsa da Dior
Ela até usa um anel com as minhas iniciais
E ter você na minha vida é bem melhor
Nossa história baseada em fatos reais

Dentro do Audi, nós dois se ama
Dentro da X6, nós dois se ama
Do lado da minha preta, eu tô bem melhor
Agora eu tô bem melhor
Ela é dona do meu coração

Quem mexer contigo, eu mato
Alandelon, fica ligado
Sei que tem vários emocionados
Mas se entrar no meu caminho, fica pegado

Vai, vai, diz que eu sou o homem da sua vida
Ela é o motivo de eu escrever minhas rimas
Vem cá, tira a roupa
Vamos fazer as pazes trancado no quarto

Preta, eu te amo muito
Preta, obrigado por tudo
E perdoa as neuroses na mente que tira tua paz

Juro pra tu que tô tentando mudar
Confesso que já até chorei de raiva
Tem algum bagulho que me deixa bolado
Mas sei que tu é minha

Dentro do Audi, nós dois se ama
Dentro da X6, nós dois se ama
Do lado da minha preta, eu tô bem melhor
Agora eu tô bem melhor
(Ela é dona do meu coração)

Nunca acreditei no amor, e do nada você chegou
E eu não sabia que amar era tão bom assim
Nunca acreditei no amor, e do nada você chegou
E eu não sabia que amar era tão bom assim

Mas foi só ela passar
Com essa marra no olhar
Chamando minha atenção
Princesa, me dá sua mão

Dentro do Audi, nós dois se ama
Dentro da X6, nós dois se ama
Do lado da minha mulher, eu tô bem melhor
Eu tô bem melhor

Dentro da X6, nós dois se ama
Dentro do Audi, nós dois se ama
Do lado da minha mulher, eu tô bem melhor
Eu tô bem melhor, tô bem melhor

Eu jurei pra mim mesmo que eu não ia me apaixonar
Eu jurei pra mim mesmo que eu não ia me apegar
Mas foi só você chegar com essa marra no olhar
A cura do meu mundo, a luz no fim do túnel

Eu jurei pra mim mesmo que não ia me apaixonar
Eu jurei pra mim mesmo que não ia me apegar
Mas foi só você chegar com essa marra no olhar
A cura do meu mundo, a luz no fim do túnel

Sei que um dia eu vou te ver de branco, subindo naquele altar
Amor, te amo tanto e sei que nada vai nos separar
Pois você é a cura do meu mundo
A luz no fim do túnel

"
49,"Preferida de KayBlack, Wall Hein",Preferida,KayBlack,"(Que o beat do Wall, ele não é à toa)

Logo eu que não sou muito de voltar atrás
Só que dessa vez não teve jeito
Aí eu falei assim pra ela

O-o-oi, como vai, sua linda? Vida
Você é minha preferida ainda
E memo quando eu tô na vida bandida
Te levo joias que eleva a autoestima, yeah
Sempre leva na risca
Surta, briga, chora e xinga
Me pede Tiffany, eu te fodo como ninguém fez um dia
Como ninguém te fu'

Como ninguém te fazia
Memo com minhas correria
Eu sempre te satisfazia, amor
Se apaixonou pelo cria de bermuda e Kenner
Defendendo a todo vapor
Radin na cinta, bipou, nós enguiça quem tenta alcançar o topo
Eu tô com a vista mais alta do morro
Passa a visão pra chegar até o moço
Muito ouro no pescoço
Lacoste Live estampada na
Estampada e bordada minha logo
Trouxe exportada da Europa com o vulgo
Ela me pede pra trazer uma bolsa
Que custa quase um quilo do puro
Faço essa grana girar sem esforço
Faço essa quebra virar um tumulto, yeah
Adquirindo recurso bruto
Frutos de uma vida rigorosa
Baby, para de ser rancorosa
E fala, tu que é minha peri
Minha perigosa, goza
E ainda continua disposta
Posta mimos, bolsas, joias, droga
Tenta derrubar, só falha, bala
Eu tenho cara de tralha, exala
Ice bolado na palha
Faixa rosa, ela é minha consagrada
E eu sempre mantendo minha marra
Censura, um emoji na cara
Que a placa é berrada e não pode dar bom
Treinada, ela nasceu com o dom
Sigilo, não explana o pretão
Dia e noite à minha disposição
Ela tava online esperando o salvão
Ataca ansiedade, o celular na mão
Esperando aquela notificação

O-o-oi, como vai, sua linda? Vida
Você é minha preferida ainda
E memo quando eu tô na vida bandida
Te levo joias que eleva a autoestima, yeah
Sempre leva na risca
Surta, briga, chora e xinga
Me pede Tiffany, eu te fodo como ninguém fez um dia
Como ninguém te fu'

"
